20240724140712,-0.00,-0.03,1.01
20240724140713,-0.00,-0.03,1.01
20240724140714,-0.00,-0.03,1.01
20240724140715,-0.00,-0.03,1.01
20240724140716,-0.00,-0.03,1.01
20240724140717,-0.00,-0.03,1.01
20240724140718,-0.00,-0.03,1.01
20240724140719,-0.00,-0.03,1.01
20240724140720,-0.00,-0.03,1.01
20240724140721,-0.00,-0.03,1.01
20240724140722,-0.00,-0.03,1.01
20240724140723,-0.00,-0.03,1.01
20240724140724,-0.00,-0.04,1.01
20240724140725,-0.00,-0.03,1.01
20240724140726,-0.00,-0.03,1.01
20240724140727,-0.00,-0.03,1.01
20240724140728,-0.00,-0.03,1.01
20240724140729,-0.00,-0.03,1.01
20240724140730,-0.00,-0.03,1.01
20240724140731,-0.00,-0.03,1.01
20240724140732,-0.00,-0.03,1.01
20240724140733,-0.00,-0.03,1.01
20240724140734,-0.00,-0.03,1.01
20240724140735,-0.00,-0.03,1.01
20240724140736,0.00,-0.03,1.01
20240724140737,-0.00,-0.03,1.01
20240724140738,-0.00,-0.03,1.01
20240724140739,-0.00,-0.03,1.01
20240724140740,-0.00,-0.03,1.01
20240724140741,-0.00,-0.03,1.01
20240724140742,-0.00,-0.03,1.01
20240724140743,-0.00,-0.03,1.01
20240724140744,-0.00,-0.03,1.01
20240724140745,-0.00,-0.03,1.01
20240724140746,-0.00,-0.03,1.01
20240724140747,-0.00,-0.03,1.01
20240724140748,-0.00,-0.03,1.01
20240724140749,-0.00,-0.03,1.01
20240724140750,-0.00,-0.03,1.01
20240724140751,-0.00,-0.03,1.01
20240724140752,-0.00,-0.03,1.01
20240724140753,-0.00,-0.03,1.01
20240724140754,-0.00,-0.03,1.01
20240724140755,-0.00,-0.03,1.01
20240724140756,-0.00,-0.03,1.01
20240724140757,-0.00,-0.03,1.01
20240724140758,-0.00,-0.03,1.01
20240724140759,-0.00,-0.03,1.01
20240724140800,-0.00,-0.03,1.01
20240724140801,-0.00,-0.03,1.01
20240724140802,-0.00,-0.03,1.01
20240724140803,-0.00,-0.03,1.01
20240724140804,-0.00,-0.03,1.01
20240724140805,-0.00,-0.03,1.01
20240724140806,-0.00,-0.03,1.01
20240724140807,-0.00,-0.03,1.01
20240724140808,-0.00,-0.03,1.01
20240724140809,-0.00,-0.03,1.01
20240724140810,-0.00,-0.03,1.01
20240724140811,-0.00,-0.03,1.01
20240724140812,0.00,-0.03,1.01
20240724140813,-0.01,-0.04,1.01
20240724140814,-0.00,-0.03,1.01
20240724140815,-0.00,-0.04,1.01
20240724140816,-0.00,-0.03,1.01
20240724140817,-0.00,-0.03,1.01
20240724140818,-0.00,-0.04,1.02
20240724140819,-0.00,-0.03,1.01
20240724140820,-0.00,-0.03,1.01
20240724140821,0.00,-0.03,1.02
20240724140822,-0.00,-0.03,1.02
20240724140823,-0.00,-0.03,1.01
20240724140824,-0.00,-0.03,1.01
20240724140825,-0.00,-0.03,1.01
20240724140826,-0.00,-0.03,1.01
20240724140827,-0.01,-0.04,1.01
20240724140828,-0.00,-0.03,1.01
20240724140829,-0.00,-0.03,1.01
20240724140830,-0.00,-0.03,1.01
20240724140831,-0.00,-0.03,1.01
20240724140832,-0.00,-0.03,1.01
20240724140833,-0.00,-0.03,1.01
20240724140834,-0.00,-0.03,1.01
20240724140835,-0.00,-0.03,1.01
20240724140836,-0.00,-0.03,1.01
20240724140837,-0.00,-0.03,1.01
20240724140838,-0.00,-0.03,1.01
20240724140839,-0.00,-0.03,1.01
20240724140840,-0.00,-0.03,1.01
20240724140841,-0.00,-0.03,1.01
20240724140842,-0.00,-0.03,1.01
20240724140843,-0.00,-0.03,1.01
20240724140844,-0.00,-0.03,1.01
20240724140845,-0.00,-0.03,1.01
20240724140846,-0.00,-0.03,1.01
20240724140847,-0.00,-0.03,1.01
20240724140848,-0.00,-0.03,1.01
20240724140849,-0.00,-0.03,1.01
20240724140850,-0.00,-0.03,1.01
20240724140851,-0.00,-0.03,1.01
20240724140852,-0.00,-0.03,1.01
20240724140853,-0.00,-0.03,1.01
20240724140855,-0.00,-0.03,1.01
20240724140856,-0.00,-0.03,1.01
20240724140857,-0.00,-0.03,1.01
20240724140858,-0.00,-0.03,1.01
20240724140859,-0.00,-0.03,1.01
20240724140900,-0.00,-0.03,1.01
20240724140901,-0.00,-0.03,1.01
20240724140902,-0.00,-0.03,1.01
20240724140903,0.00,-0.03,1.01
20240724140904,-0.00,-0.03,1.01
20240724140905,-0.00,-0.03,1.01
20240724140906,-0.00,-0.03,1.01
20240724140907,-0.00,-0.03,1.01
20240724140908,-0.00,-0.03,1.01
20240724140909,-0.00,-0.03,1.01
20240724140910,-0.00,-0.03,1.01
20240724140911,-0.00,-0.03,1.01
20240724140912,-0.00,-0.03,1.01
20240724140913,-0.00,-0.03,1.01
20240724140914,-0.00,-0.03,1.01
20240724140915,-0.00,-0.03,1.02
20240724140916,-0.00,-0.03,1.01
20240724140917,-0.00,-0.03,1.01
20240724140918,-0.00,-0.03,1.01
20240724140919,-0.00,-0.03,1.01
20240724140920,-0.00,-0.03,1.01
20240724140921,-0.00,-0.03,1.01
20240724140922,-0.00,-0.03,1.01
20240724140923,-0.00,-0.03,1.01
20240724140924,-0.00,-0.03,1.01
20240724140925,-0.00,-0.03,1.01
20240724140926,-0.00,-0.03,1.01
20240724140927,-0.00,-0.03,1.01
20240724140928,-0.00,-0.03,1.01
20240724140929,-0.00,-0.03,1.01
20240724140930,-0.00,-0.03,1.01
20240724140931,-0.00,-0.03,1.01
20240724140932,-0.00,-0.03,1.01
20240724140933,-0.00,-0.03,1.01
20240724140934,-0.00,-0.03,1.01
20240724140935,-0.00,-0.03,1.01
20240724140936,-0.00,-0.03,1.01
20240724140937,-0.00,-0.03,1.01
20240724140938,-0.00,-0.03,1.01
20240724140939,-0.00,-0.03,1.01
20240724140940,-0.00,-0.03,1.01
20240724140941,-0.00,-0.03,1.01
20240724140942,-0.00,-0.03,1.01
20240724140943,-0.00,-0.03,1.01
20240724140944,-0.00,-0.03,1.01
20240724140945,-0.00,-0.03,1.01
20240724140946,-0.00,-0.03,1.01
20240724140947,-0.00,-0.03,1.01
20240724140948,-0.00,-0.03,1.01
20240724140949,-0.00,-0.03,1.01
20240724140950,-0.00,-0.03,1.01
20240724140951,-0.00,-0.03,1.01
20240724140952,-0.00,-0.03,1.01
20240724140953,-0.00,-0.03,1.01
20240724140954,-0.00,-0.03,1.01
20240724140955,-0.00,-0.03,1.01
20240724140956,-0.00,-0.03,1.01
20240724140957,-0.00,-0.03,1.01
20240724140958,-0.00,-0.03,1.01
20240724140959,-0.00,-0.03,1.01
20240724141000,-0.00,-0.03,1.01
20240724141001,-0.00,-0.03,1.01
20240724141002,-0.00,-0.03,1.01
20240724141003,-0.00,-0.03,1.01
20240724141004,-0.00,-0.03,1.01
20240724141005,-0.00,-0.03,1.01
20240724141006,-0.00,-0.03,1.01
20240724141007,-0.00,-0.03,1.01
20240724141008,-0.00,-0.03,1.01
20240724141009,-0.00,-0.03,1.01
20240724141010,-0.00,-0.03,1.01
20240724141011,-0.00,-0.03,1.01
20240724141012,-0.00,-0.03,1.01
20240724141013,-0.00,-0.03,1.01
20240724141014,-0.00,-0.03,1.01
20240724141015,-0.00,-0.03,1.01
20240724141016,-0.00,-0.03,1.01
20240724141017,-0.00,-0.03,1.01
20240724141018,-0.00,-0.03,1.01
20240724141019,-0.00,-0.03,1.01
20240724141020,-0.00,-0.03,1.01
20240724141021,-0.00,-0.03,1.01
20240724141022,-0.00,-0.03,1.01
20240724141023,-0.00,-0.03,1.01
20240724141024,-0.00,-0.03,1.01
20240724141025,-0.00,-0.03,1.01
20240724141026,-0.00,-0.03,1.01
20240724141027,-0.00,-0.03,1.01
20240724141028,-0.00,-0.03,1.01
20240724141029,-0.00,-0.03,1.01
20240724141030,-0.00,-0.03,1.01
20240724141031,-0.00,-0.03,1.01
20240724141032,-0.00,-0.03,1.01
20240724141033,-0.00,-0.03,1.01
20240724141034,-0.00,-0.03,1.01
20240724141035,-0.00,-0.03,1.01
20240724141036,-0.00,-0.03,1.01
20240724141037,-0.00,-0.03,1.01
20240724141038,-0.00,-0.03,1.01
20240724141039,-0.00,-0.03,1.01
20240724141040,-0.00,-0.03,1.01
20240724141041,-0.00,-0.03,1.01
20240724141042,-0.00,-0.03,1.02
20240724141043,-0.00,-0.03,1.01
20240724141044,-0.00,-0.03,1.01
20240724141045,-0.00,-0.03,1.01
20240724141046,-0.00,-0.03,1.01
20240724141047,-0.00,-0.03,1.01
20240724141048,-0.00,-0.03,1.01
20240724141049,-0.00,-0.03,1.01
20240724141050,-0.00,-0.03,1.01
20240724141051,-0.00,-0.03,1.01
20240724141052,-0.00,-0.03,1.01
20240724141053,-0.00,-0.03,1.01
20240724141054,-0.00,-0.03,1.01
20240724141055,-0.00,-0.03,1.01
20240724141056,-0.00,-0.03,1.01
20240724141057,-0.00,-0.03,1.01
20240724141058,-0.00,-0.03,1.01
20240724141059,-0.00,-0.03,1.01
20240724141100,-0.00,-0.03,1.01
20240724141101,-0.00,-0.03,1.01
20240724141102,-0.00,-0.03,1.01
20240724141103,-0.00,-0.03,1.01
20240724141104,-0.00,-0.03,1.01
20240724141105,-0.00,-0.03,1.01
20240724141106,-0.00,-0.03,1.01
20240724141107,-0.00,-0.03,1.01
20240724141108,-0.00,-0.03,1.01
20240724141109,-0.00,-0.03,1.01
20240724141110,-0.00,-0.03,1.01
20240724141111,-0.00,-0.03,1.01
20240724141113,-0.00,-0.03,1.01
20240724141114,-0.00,-0.03,1.01
20240724141115,-0.00,-0.03,1.01
20240724141116,-0.00,-0.03,1.01
20240724141117,-0.00,-0.03,1.01
20240724141118,-0.00,-0.03,1.01
20240724141119,-0.00,-0.03,1.01
20240724141120,-0.00,-0.03,1.01
20240724141121,-0.00,-0.03,1.01
20240724141122,-0.00,-0.03,1.01
20240724141123,-0.00,-0.03,1.01
20240724141124,-0.00,-0.03,1.01
20240724141125,-0.00,-0.03,1.01
20240724141126,-0.00,-0.03,1.01
20240724141127,-0.00,-0.03,1.01
20240724141128,-0.00,-0.03,1.01
20240724141129,-0.00,-0.03,1.01
20240724141130,-0.00,-0.03,1.01
20240724141131,-0.00,-0.03,1.01
20240724141132,-0.00,-0.03,1.01
20240724141133,-0.00,-0.03,1.01
20240724141134,-0.00,-0.03,1.01
20240724141135,-0.00,-0.03,1.01
20240724141136,-0.00,-0.03,1.01
20240724141137,-0.00,-0.03,1.01
20240724141138,-0.00,-0.03,1.01
20240724141139,-0.00,-0.03,1.01
20240724141140,-0.00,-0.03,1.01
20240724141141,-0.00,-0.03,1.01
20240724141142,-0.00,-0.03,1.01
20240724141143,-0.00,-0.03,1.01
20240724141144,-0.00,-0.03,1.01
20240724141145,-0.00,-0.03,1.01
20240724141146,-0.00,-0.03,1.01
20240724141147,-0.00,-0.03,1.01
20240724141148,-0.00,-0.03,1.01
20240724141149,-0.00,-0.03,1.01
20240724141150,-0.00,-0.03,1.01
20240724141151,-0.00,-0.03,1.01
20240724141152,-0.00,-0.03,1.01
20240724141153,-0.00,-0.03,1.01
20240724141154,-0.00,-0.03,1.01
20240724141155,-0.00,-0.03,1.01
20240724141156,-0.00,-0.03,1.01
20240724141157,-0.00,-0.03,1.01
20240724141158,-0.00,-0.03,1.01
20240724141159,-0.00,-0.03,1.01
20240724141200,-0.00,-0.03,1.01
20240724141201,-0.00,-0.03,1.01
20240724141202,-0.00,-0.03,1.01
20240724141203,-0.00,-0.03,1.01
20240724141204,-0.00,-0.03,1.01
20240724141205,-0.00,-0.03,1.01
20240724141206,-0.00,-0.03,1.01
20240724141207,-0.00,-0.03,1.01
20240724141208,-0.00,-0.03,1.01
20240724141209,-0.00,-0.03,1.01
20240724141210,-0.00,-0.03,1.01
20240724141211,-0.00,-0.03,1.01
20240724141212,-0.00,-0.03,1.01
20240724141213,-0.00,-0.03,1.01
20240724141214,-0.00,-0.03,1.01
20240724141215,-0.00,-0.03,1.01
20240724141216,-0.00,-0.03,1.01
20240724141217,-0.00,-0.03,1.01
20240724141218,-0.00,-0.03,1.01
20240724141219,-0.00,-0.03,1.01
20240724141220,-0.00,-0.03,1.01
20240724141221,-0.00,-0.03,1.01
20240724141222,-0.00,-0.03,1.01
20240724141223,-0.20,-0.11,1.01
20240724141224,-0.00,-0.04,1.01
20240724141225,-0.01,-0.05,1.01
20240724141226,0.01,-0.02,1.02
20240724141227,-0.11,-0.04,1.01
20240724141228,-0.01,-0.02,1.01
20240724141229,-0.02,-0.03,1.01
20240724141230,0.01,-0.03,1.01
20240724141231,-0.05,-0.04,1.01
20240724141232,-0.04,-0.02,1.01
20240724141233,-0.02,-0.04,1.01
20240724141234,0.02,-0.03,1.01
20240724141235,0.05,-0.05,1.01
20240724141236,0.01,-0.04,1.01
20240724141237,-0.01,-0.04,1.01
20240724141238,-0.02,-0.04,1.01
20240724141239,0.10,-0.04,1.01
20240724141240,-0.04,-0.02,1.01
20240724141241,-0.02,-0.03,1.01
20240724141242,0.02,-0.03,1.01
20240724141243,0.04,-0.03,1.02
20240724141244,-0.01,-0.04,1.01
20240724141245,0.01,-0.01,1.01
20240724141246,0.08,-0.04,1.01
20240724141247,-0.04,-0.01,1.01
20240724141248,0.00,-0.03,1.01
20240724141249,-0.02,-0.05,1.01
20240724141250,-0.00,-0.02,1.01
20240724141251,-0.06,-0.04,1.01
20240724141252,-0.10,0.04,1.01
20240724141253,-0.06,-0.03,0.97
20240724141254,-0.17,-0.01,1.03
20240724141255,-0.12,0.03,1.00
20240724141256,-0.08,-0.08,0.95
20240724141257,-0.19,0.42,1.10
20240724141258,0.08,-0.04,1.00
20240724141259,0.14,0.03,1.00
20240724141300,0.10,-0.14,0.99
20240724141301,0.09,-0.13,0.97
20240724141302,0.07,-0.09,1.03
20240724141303,0.09,-0.19,1.00
20240724141304,0.28,0.04,0.89
20240724141305,0.02,-0.06,0.94
20240724141306,0.24,-0.06,1.13
20240724141307,0.02,0.02,1.02
20240724141308,0.12,-0.02,0.99
20240724141309,0.09,0.03,1.16
20240724141310,0.17,-0.03,1.16
20240724141311,0.13,-0.11,1.00
20240724141312,-0.01,-0.18,1.24
20240724141313,0.00,0.03,1.05
20240724141314,0.07,0.00,1.01
20240724141315,0.17,-0.14,0.99
20240724141316,0.04,0.10,0.87
20240724141317,0.10,0.07,1.13
20240724141318,0.01,-0.08,1.09
20240724141319,0.06,0.05,0.95
20240724141320,0.03,-0.08,1.13
20240724141321,0.07,0.04,0.97
20240724141322,0.01,0.10,1.00
20240724141323,0.00,-0.08,1.06
20240724141324,-0.01,0.02,1.21
20240724141325,0.16,-0.03,0.94
20240724141326,0.01,-0.03,1.02
20240724141327,-0.02,-0.03,1.07
20240724141328,0.07,-0.02,0.94
20240724141329,0.07,0.01,0.93
20240724141330,0.00,-0.10,1.02
20240724141331,0.03,0.08,0.87
20240724141332,0.09,0.01,1.06
20240724141333,0.07,-0.03,0.93
20240724141334,0.01,-0.07,1.01
20240724141335,0.03,-0.08,1.01
20240724141336,0.13,-0.01,0.94
20240724141338,0.12,0.06,0.98
20240724141339,0.11,0.01,1.06
20240724141340,0.07,-0.17,1.04
20240724141341,0.27,-0.11,1.08
20240724141342,-0.01,-0.00,1.00
20240724141343,0.16,-0.11,1.11
20240724141344,0.35,0.21,0.83
20240724141345,0.01,-0.03,0.99
20240724141346,0.29,0.11,1.14
20240724141347,0.07,-0.17,0.93
20240724141348,0.12,-0.07,1.05
20240724141349,0.06,-0.06,1.15
20240724141350,-0.11,-0.08,1.03
20240724141351,0.17,-0.12,1.08
20240724141352,0.04,-0.07,1.09
20240724141353,0.22,-0.08,0.96
20240724141354,0.19,-0.11,0.99
20240724141355,0.07,-0.15,0.82
20240724141356,0.16,-0.20,0.91
20240724141357,-0.12,-0.14,1.07
20240724141358,-0.01,-0.23,1.02
20240724141359,0.15,-0.08,0.97
20240724141400,0.28,0.04,0.99
20240724141401,0.08,-0.16,1.19
20240724141402,-0.03,-0.21,1.00
20240724141403,-0.05,-0.22,0.91
20240724141404,0.16,0.03,0.87
20240724141405,0.01,-0.03,0.84
20240724141406,0.08,-0.09,0.96
20240724141407,-0.37,-0.31,1.06
20240724141408,0.08,0.21,0.73
20240724141409,-0.15,-0.32,0.91
20240724141410,0.12,-0.31,1.22
20240724141411,0.17,-0.03,1.06
20240724141412,0.13,0.11,0.99
20240724141413,0.10,-0.09,1.01
20240724141414,-0.04,-0.10,0.92
20240724141415,0.21,0.05,1.08
20240724141416,0.21,-0.09,0.97
20240724141417,0.02,-0.01,1.04
20240724141418,0.02,-0.05,1.00
20240724141419,0.24,-0.19,1.00
20240724141420,0.06,-0.05,0.92
20240724141421,0.10,-0.07,0.99
20240724141422,0.17,0.02,0.98
20240724141423,0.10,-0.06,0.95
20240724141424,0.13,-0.23,1.01
20240724141425,0.09,0.10,1.12
20240724141426,0.12,0.00,1.00
20240724141427,0.28,-0.24,0.78
20240724141428,0.12,-0.09,0.94
20240724141429,0.07,-0.12,0.95
20240724141430,0.19,-0.16,0.75
20240724141431,0.10,-0.22,1.11
20240724141432,0.17,-0.07,1.04
20240724141433,0.03,-0.04,0.98
20240724141434,0.14,-0.16,1.01
20240724141435,0.23,-0.04,0.94
20240724141436,-0.04,-0.10,1.03
20240724141437,0.22,-0.10,1.03
20240724141438,0.17,-0.14,0.83
20240724141439,0.05,-0.03,1.10
20240724141440,0.15,-0.16,1.04
20240724141441,0.06,-0.03,1.02
20240724141442,0.10,-0.18,1.06
20240724141443,0.18,-0.17,1.10
20240724141444,-0.08,-0.13,0.92
20240724141445,0.10,-0.11,1.12
20240724141446,0.15,-0.14,1.07
20240724141447,0.23,-0.01,1.04
20240724141448,-0.07,-0.13,1.21
20240724141449,0.02,0.23,1.10
20240724141450,0.23,0.26,1.15
20240724141451,-0.13,0.17,0.98
20240724141452,0.13,0.20,1.03
20240724141453,0.04,0.16,1.03
20240724141454,-0.04,-0.01,0.95
20240724141455,0.02,0.01,1.11
20240724141456,-0.09,0.05,0.97
20240724141457,0.13,0.02,1.01
20240724141458,0.11,-0.02,0.97
20240724141459,-0.05,-0.10,0.95
20240724141500,-0.02,-0.07,1.04
20240724141501,0.04,-0.06,0.90
20240724141502,0.03,-0.18,1.09
20240724141503,0.13,-0.00,0.97
20240724141504,-0.03,-0.04,0.93
20240724141505,0.17,0.01,1.11
20240724141506,-0.05,0.01,1.06
20240724141507,0.13,-0.05,0.92
20240724141508,0.13,0.05,0.93
20240724141509,0.08,0.06,1.01
20240724141510,0.15,-0.07,1.04
20240724141511,-0.02,0.08,1.09
20240724141512,0.11,0.06,0.99
20240724141513,0.17,-0.01,0.84
20240724141514,0.13,0.15,0.94
20240724141515,0.09,-0.12,0.96
20240724141516,-0.06,0.23,1.08
20240724141517,0.17,0.02,1.00
20240724141518,0.03,-0.22,1.10
20240724141519,0.14,0.00,0.90
20240724141520,0.17,-0.07,0.89
20240724141521,0.13,-0.01,0.97
20240724141522,0.06,0.08,1.07
20240724141523,0.03,0.09,1.11
20240724141524,0.17,0.10,0.93
20240724141525,0.37,0.12,0.83
20240724141526,0.03,0.13,1.08
20240724141527,0.17,0.08,0.96
20240724141528,0.04,0.07,1.06
20240724141529,-0.04,-0.03,1.03
20240724141530,0.07,0.10,1.20
20240724141531,-0.10,-0.04,1.14
20240724141532,0.26,-0.11,1.04
20240724141533,-0.06,-0.08,0.93
20240724141534,0.12,-0.19,0.94
20240724141535,0.06,-0.12,0.76
20240724141536,-0.09,-0.09,1.25
20240724141537,0.11,0.13,0.97
20240724141538,0.02,-0.01,1.01
20240724141539,0.03,0.02,1.09
20240724141540,0.06,-0.05,1.08
20240724141541,-0.11,0.01,1.15
20240724141542,-0.03,-0.13,1.11
20240724141543,0.12,0.02,0.97
20240724141544,0.04,0.01,0.95
20240724141545,0.01,-0.10,1.06
20240724141546,0.00,-0.13,0.87
20240724141547,0.03,-0.16,0.96
20240724141548,0.15,-0.01,1.05
20240724141549,-0.05,0.05,1.17
20240724141550,0.02,-0.04,1.02
20240724141551,0.14,-0.07,1.00
20240724141552,-0.04,0.00,1.00
20240724141553,0.14,-0.25,1.24
20240724141554,-0.11,-0.05,0.91
20240724141555,0.10,-0.27,0.95
20240724141556,0.13,-0.05,0.87
20240724141557,0.03,-0.08,0.99
20240724141558,-0.03,-0.11,1.01
20240724141559,0.01,-0.09,0.97
20240724141600,-0.07,-0.09,0.90
20240724141601,-0.05,-0.07,1.09
20240724141602,0.03,-0.26,0.94
20240724141603,0.12,-0.05,0.91
20240724141604,-0.01,-0.02,0.94
20240724141605,0.04,-0.21,1.03
20240724141606,0.20,-0.13,0.77
20240724141607,-0.03,-0.11,0.98
20240724141609,-0.00,-0.04,1.01
20240724141610,-0.02,-0.07,1.00
20240724141611,-0.18,-0.11,1.07
20240724141612,0.01,-0.00,1.06
20240724141613,0.05,0.07,1.04
20240724141614,-0.21,-0.07,1.13
20240724141615,0.10,-0.04,1.01
20240724141616,-0.03,-0.13,1.12
20240724141617,-0.07,-0.09,1.07
20240724141618,-0.17,-0.25,0.98
20240724141619,-0.15,-0.16,1.02
20240724141620,-0.12,-0.22,1.06
20240724141621,0.20,0.03,1.08
20240724141622,0.08,0.06,1.11
20240724141623,0.07,-0.08,1.00
20240724141624,0.05,-0.22,1.05
20240724141625,0.09,0.06,1.01
20240724141626,0.10,-0.02,1.05
20240724141627,0.09,0.01,1.01
20240724141628,0.14,0.08,0.97
20240724141629,0.16,-0.07,1.01
20240724141630,0.13,0.01,0.96
20240724141631,0.16,0.12,1.09
20240724141632,0.19,-0.07,0.97
20240724141633,0.15,0.07,1.00
20240724141634,0.16,0.16,0.96
20240724141635,0.24,-0.04,0.90
20240724141636,0.22,0.02,0.98
20240724141637,0.20,-0.07,0.97
20240724141638,0.22,-0.05,0.94
20240724141639,0.27,0.01,0.91
20240724141640,0.27,-0.13,0.95
20240724141641,0.23,-0.03,0.89
20240724141642,0.19,0.18,0.94
20240724141643,0.21,-0.04,0.94
20240724141644,0.17,0.15,0.98
20240724141645,0.15,0.15,0.97
20240724141646,0.20,0.03,0.92
20240724141647,0.19,0.21,0.96
20240724141648,0.18,0.16,1.01
20240724141649,0.21,0.07,1.08
20240724141650,0.23,0.27,1.10
20240724141651,0.22,0.12,0.99
20240724141652,0.23,0.11,0.98
20240724141653,0.27,0.27,0.88
20240724141654,0.26,0.11,0.96
20240724141655,0.20,0.17,1.00
20240724141656,0.23,0.30,0.99
20240724141657,0.22,0.06,0.95
20240724141658,0.22,0.29,0.94
20240724141659,0.21,0.18,0.95
20240724141700,0.23,0.09,0.94
20240724141701,0.26,0.31,1.05
20240724141702,0.27,0.12,1.06
20240724141703,0.24,0.24,0.95
20240724141704,0.26,0.23,0.97
20240724141705,0.29,0.09,0.95
20240724141706,0.19,0.29,0.83
20240724141707,0.24,0.09,1.01
20240724141708,0.24,0.32,0.95
20240724141709,0.23,0.16,0.97
20240724141710,0.26,0.15,1.06
20240724141711,0.26,0.25,0.95
20240724141712,0.26,0.13,0.96
20240724141713,0.24,0.23,0.95
20240724141714,0.23,0.21,0.96
20240724141715,0.25,0.10,1.04
20240724141716,0.24,0.30,0.95
20240724141717,0.24,0.10,0.95
20240724141718,0.23,0.19,0.99
20240724141719,0.25,0.30,0.88
20240724141720,0.24,0.14,0.90
20240724141721,0.24,0.31,0.94
20240724141722,0.22,0.25,1.00
20240724141723,0.22,0.16,0.98
20240724141724,0.24,0.36,1.04
20240724141725,0.25,0.14,0.98
20240724141726,0.24,0.36,0.97
20240724141727,0.22,0.15,1.00
20240724141728,0.20,0.23,0.96
20240724141729,0.08,0.30,0.82
20240724141730,0.26,0.10,1.08
20240724141731,0.30,0.30,1.00
20240724141732,0.32,0.06,0.97
20240724141733,0.30,0.25,0.92
20240724141734,0.30,0.16,0.96
20240724141735,0.27,0.14,0.96
20240724141736,0.31,0.26,0.87
20240724141737,0.30,0.07,0.93
20240724141738,0.31,0.29,0.92
20240724141739,0.29,0.10,0.95
20240724141740,0.28,0.18,0.94
20240724141741,0.30,0.27,0.88
20240724141742,0.28,0.13,0.95
20240724141743,0.30,0.34,0.92
20240724141744,0.29,0.15,0.96
20240724141745,0.28,0.18,0.95
20240724141746,-0.43,-0.07,0.88
20240724141747,-0.00,-0.03,1.01
20240724141748,0.00,-0.03,1.01
20240724141749,-0.00,-0.03,1.01
20240724141750,-0.00,-0.03,1.01
20240724141751,-0.00,-0.03,1.01
20240724141752,-0.00,-0.03,1.01
20240724141753,-0.00,-0.03,1.01
20240724141754,-0.00,-0.03,1.01
20240724141755,-0.00,-0.03,1.01
20240724141756,-0.00,-0.03,1.01
20240724141757,-0.00,-0.03,1.01
20240724141758,-0.00,-0.03,1.01
20240724141759,-0.00,-0.03,1.01
20240724141800,-0.00,-0.03,1.01
20240724141801,-0.00,-0.03,1.01
20240724141802,-0.00,-0.03,1.01
20240724141803,-0.00,-0.03,1.01
20240724141804,-0.00,-0.03,1.01
20240724141805,-0.00,-0.03,1.01
20240724141806,-0.00,-0.03,1.01
20240724141807,-0.00,-0.03,1.01
20240724141808,-0.00,-0.03,1.01
20240724141809,-0.00,-0.03,1.01
20240724141810,-0.00,-0.03,1.01
20240724141811,-0.00,-0.03,1.01
20240724141812,-0.00,-0.03,1.01
20240724141813,-0.00,-0.03,1.01
20240724141814,-0.00,-0.03,1.01
20240724141815,-0.00,-0.03,1.01
20240724141816,-0.00,-0.03,1.01
20240724141817,-0.00,-0.03,1.01
20240724141818,-0.00,-0.03,1.01
20240724141819,-0.00,-0.03,1.01
20240724141820,-0.00,-0.03,1.01
20240724141821,-0.00,-0.03,1.01
20240724141822,-0.00,-0.03,1.01
20240724141823,-0.00,-0.03,1.01
20240724141824,-0.00,-0.03,1.01
20240724141825,-0.00,-0.03,1.01
20240724141826,-0.00,-0.03,1.01
20240724141827,-0.00,-0.03,1.01
20240724141828,-0.00,-0.03,1.01
20240724141829,-0.00,-0.03,1.01
20240724141831,-0.00,-0.03,1.01
20240724141832,-0.00,-0.03,1.01
20240724141833,-0.00,-0.03,1.01
20240724141834,-0.00,-0.03,1.01
20240724141835,-0.00,-0.03,1.01
20240724141836,-0.00,-0.03,1.01
20240724141837,-0.00,-0.03,1.01
20240724141838,-0.00,-0.03,1.01
20240724141839,-0.00,-0.04,1.01
20240724141840,0.00,-0.03,1.01
20240724141841,-0.00,-0.03,1.01
20240724141842,-0.00,-0.03,1.01
20240724141843,-0.00,-0.03,1.02
20240724141844,-0.00,-0.03,1.01
20240724141845,-0.00,-0.03,1.01
20240724141846,-0.00,-0.03,1.01
20240724141847,-0.00,-0.03,1.01
20240724141848,-0.00,-0.03,1.01
20240724141849,-0.00,-0.03,1.01
20240724141850,-0.00,-0.03,1.02
20240724141851,0.00,-0.03,1.01
20240724141852,-0.00,-0.03,1.01
20240724141853,-0.00,-0.03,1.01
20240724141854,-0.00,-0.03,1.01
20240724141855,-0.00,-0.03,1.01
20240724141856,-0.00,-0.03,1.01
20240724141857,-0.00,-0.03,1.01
20240724141858,-0.00,-0.03,1.01
20240724141859,-0.00,-0.03,1.01
20240724141900,-0.00,-0.03,1.01
20240724141901,-0.00,-0.03,1.01
20240724141902,-0.00,-0.03,1.01
20240724141903,-0.00,-0.03,1.01
20240724141904,-0.00,-0.03,1.01
20240724141905,-0.00,-0.03,1.01
20240724141906,-0.00,-0.03,1.01
20240724141907,-0.00,-0.03,1.01
20240724141908,-0.00,-0.03,1.01
20240724141909,-0.00,-0.03,1.01
20240724141910,-0.00,-0.03,1.01
20240724141911,-0.00,-0.03,1.01
20240724141912,-0.00,-0.03,1.01
20240724141913,-0.00,-0.03,1.01
20240724141914,-0.00,-0.03,1.01
20240724141915,-0.00,-0.03,1.01
20240724141916,-0.00,-0.03,1.01
20240724141917,-0.00,-0.03,1.01
20240724141918,-0.00,-0.03,1.01
20240724141919,-0.00,-0.03,1.01
20240724141920,-0.00,-0.03,1.01
20240724141921,-0.00,-0.03,1.01
20240724141922,-0.00,-0.03,1.01
20240724141923,-0.00,-0.03,1.01
20240724141924,-0.00,-0.03,1.01
20240724141925,-0.00,-0.03,1.01
20240724141926,-0.00,-0.03,1.01
20240724141927,-0.00,-0.03,1.01
20240724141928,-0.00,-0.03,1.01
20240724141929,-0.00,-0.03,1.01
20240724141930,-0.00,-0.03,1.01
20240724141931,-0.00,-0.03,1.01
20240724141932,-0.00,-0.03,1.01
20240724141933,-0.00,-0.03,1.01
20240724141934,-0.00,-0.03,1.01
20240724141935,-0.00,-0.03,1.01
20240724141936,-0.00,-0.03,1.01
20240724141937,-0.00,-0.03,1.01
20240724141938,-0.00,-0.03,1.01
20240724141939,-0.00,-0.03,1.01
20240724141940,-0.00,-0.03,1.02
20240724141941,-0.00,-0.03,1.01
20240724141942,-0.00,-0.03,1.01
20240724141943,-0.00,-0.03,1.01
20240724141944,-0.00,-0.03,1.01
20240724141945,-0.00,-0.03,1.01
20240724141946,-0.00,-0.03,1.01
20240724141947,-0.00,-0.03,1.01
20240724141948,-0.00,-0.03,1.01
20240724141949,-0.00,-0.03,1.01
20240724141950,-0.00,-0.03,1.01
20240724141951,-0.00,-0.03,1.01
20240724141952,-0.00,-0.03,1.01
20240724141953,-0.00,-0.03,1.01
20240724141954,-0.00,-0.03,1.01
20240724141955,-0.00,-0.03,1.01
20240724141956,-0.00,-0.03,1.01
20240724141957,-0.00,-0.03,1.01
20240724141958,-0.00,-0.03,1.02
20240724141959,-0.00,-0.03,1.01
20240724142000,-0.00,-0.03,1.01
20240724142001,-0.00,-0.03,1.01
20240724142002,-0.00,-0.03,1.01
20240724142003,-0.00,-0.03,1.01
20240724142004,-0.00,-0.03,1.01
20240724142005,-0.00,-0.03,1.02
20240724142006,-0.00,-0.03,1.01
20240724142007,-0.00,-0.03,1.01
20240724142008,-0.00,-0.03,1.01
20240724142009,-0.00,-0.03,1.01
20240724142010,-0.00,-0.03,1.01
20240724142011,-0.00,-0.03,1.02
20240724142012,-0.00,-0.03,1.01
20240724142013,-0.00,-0.00,1.01
20240724142014,-0.00,-0.03,1.01
20240724142015,-0.00,-0.03,1.02
20240724142016,-0.00,-0.03,1.01
20240724142017,-0.00,-0.03,1.01
20240724142018,-0.00,-0.03,1.01
20240724142019,-0.00,-0.03,1.01
20240724142020,-0.00,-0.03,1.01
20240724142021,-0.00,-0.03,1.01
20240724142022,0.00,-0.03,1.02
20240724142023,-0.00,-0.03,1.01
20240724142024,-0.00,-0.03,1.02
20240724142025,0.00,-0.03,1.01
20240724142026,0.00,-0.03,1.02
20240724142027,-0.00,-0.03,1.01
20240724142028,-0.00,-0.03,1.01
20240724142029,-0.00,-0.03,1.01
20240724142030,-0.00,-0.03,1.01
20240724142031,0.00,-0.03,1.01
20240724142032,-0.00,-0.03,1.02
20240724142033,-0.00,-0.03,1.01
20240724142034,-0.00,-0.03,1.01
20240724142035,-0.00,-0.03,1.01
20240724142036,-0.00,-0.03,1.01
20240724142037,-0.00,-0.03,1.02
20240724142038,-0.00,-0.03,1.01
20240724142039,-0.00,-0.03,1.01
20240724142040,-0.00,-0.03,1.02
20240724142041,-0.00,-0.03,1.01
20240724142042,-0.00,-0.03,1.01
20240724142043,-0.00,-0.03,1.01
20240724142044,-0.00,-0.03,1.01
20240724142045,-0.00,-0.03,1.01
20240724142046,-0.00,-0.03,1.01
20240724142047,-0.00,-0.03,1.01
20240724142048,-0.00,-0.03,1.01
20240724142049,-0.00,-0.03,1.01
20240724142050,-0.00,-0.03,1.01
20240724142051,-0.00,-0.03,1.02
20240724142052,-0.00,-0.03,1.02
20240724142053,-0.00,-0.03,1.01
20240724142054,-0.00,-0.03,1.01
20240724142055,-0.00,-0.03,1.01
20240724142056,-0.00,-0.03,1.02
20240724142058,-0.00,-0.03,1.01
20240724142059,-0.00,-0.03,1.01
20240724142100,-0.00,-0.03,1.01
20240724142101,-0.00,-0.03,1.02
20240724142102,-0.00,-0.03,1.02
20240724142103,-0.00,-0.03,1.01
20240724142104,-0.00,-0.03,1.01
20240724142105,-0.00,-0.03,1.01
20240724142106,-0.00,-0.03,1.01
20240724142107,-0.00,-0.03,1.01
20240724142108,-0.00,-0.03,1.01
20240724142109,-0.00,-0.03,1.01
20240724142110,-0.00,-0.03,1.01
20240724142111,-0.00,-0.03,1.01
20240724142112,-0.00,-0.03,1.01
20240724142113,-0.00,-0.03,1.01
20240724142114,-0.00,-0.03,1.01
20240724142115,-0.00,-0.03,1.01
20240724142116,-0.00,-0.03,1.02
20240724142117,-0.00,-0.03,1.01
20240724142118,-0.00,-0.03,1.01
20240724142119,-0.00,-0.03,1.02
20240724142120,-0.00,-0.03,1.01
20240724142121,-0.00,-0.03,1.01
20240724142122,-0.00,-0.03,1.01
20240724142123,-0.00,-0.03,1.01
20240724142124,-0.00,-0.03,1.01
20240724142125,-0.00,-0.03,1.02
20240724142126,-0.00,-0.03,1.02
20240724142127,-0.00,-0.03,1.01
20240724142128,-0.00,-0.03,1.02
20240724142129,-0.00,-0.03,1.01
20240724142130,-0.00,-0.03,1.02
20240724142131,-0.00,-0.03,1.01
20240724142132,-0.00,-0.03,1.01
20240724142133,-0.00,-0.03,1.01
20240724142134,-0.00,-0.03,1.02
20240724142135,-0.00,-0.03,1.01
20240724142136,-0.00,-0.03,1.01
20240724142137,-0.00,-0.03,1.01
20240724142138,0.00,-0.03,1.02
20240724142139,-0.00,-0.03,1.01
20240724142140,-0.00,-0.03,1.01
20240724142141,-0.00,-0.03,1.01
20240724142142,-0.00,-0.03,1.01
20240724142143,-0.00,-0.03,1.01
20240724142144,-0.00,-0.03,1.02
20240724142145,-0.00,-0.03,1.01
20240724142146,-0.00,-0.03,1.01
20240724142147,-0.00,-0.03,1.01
20240724142148,-0.00,-0.03,1.01
20240724142149,-0.00,-0.03,1.02
20240724142150,-0.00,-0.03,1.01
20240724142151,-0.00,-0.03,1.01
20240724142152,-0.00,-0.03,1.01
20240724142153,-0.00,-0.03,1.01
20240724142154,-0.00,-0.03,1.01
20240724142155,-0.00,-0.03,1.01
20240724142156,-0.00,-0.03,1.01
20240724142157,-0.00,-0.03,1.02
20240724142158,-0.00,-0.03,1.02
20240724142159,-0.00,-0.03,1.02
20240724142200,-0.00,-0.03,1.02
20240724142201,-0.00,-0.03,1.01
20240724142202,-0.00,-0.03,1.01
20240724142203,-0.00,-0.03,1.01
20240724142204,-0.00,-0.03,1.01
20240724142205,-0.00,-0.03,1.02
20240724142206,-0.00,-0.03,1.01
20240724142207,-0.00,-0.03,1.01
20240724142208,-0.00,-0.03,1.01
20240724142209,-0.00,-0.03,1.01
20240724142210,-0.00,-0.03,1.01
20240724142211,-0.00,-0.03,1.01
20240724142212,-0.00,-0.03,1.01
20240724142213,-0.00,-0.03,1.01
20240724142214,-0.00,-0.03,1.01
20240724142215,-0.00,-0.03,1.02
20240724142216,-0.00,-0.03,1.01
20240724142217,-0.00,-0.03,1.01
20240724142218,-0.00,-0.03,1.01
20240724142219,-0.00,-0.03,1.01
20240724142220,-0.00,-0.03,1.01
20240724142221,-0.00,-0.03,1.01
20240724142222,-0.00,-0.03,1.01
20240724142223,-0.00,-0.03,1.01
20240724142224,-0.00,-0.03,1.01
20240724142225,-0.00,-0.03,1.01
20240724142226,0.00,-0.03,1.01
20240724142227,-0.00,-0.03,1.01
20240724142228,-0.00,-0.03,1.01
20240724142229,-0.00,-0.03,1.01
20240724142230,-0.00,-0.03,1.01
20240724142231,0.00,-0.04,1.02
20240724142232,-0.00,-0.03,1.01
20240724142233,-0.00,-0.03,1.02
20240724142234,-0.00,-0.03,1.01
20240724142235,0.00,-0.03,1.01
20240724142236,-0.00,-0.03,1.01
20240724142237,0.35,-0.44,1.01
20240724142238,-0.40,0.64,0.87
20240724142239,-0.04,0.86,0.50
20240724142240,0.10,0.91,0.41
20240724142241,0.05,0.93,0.35
20240724142242,0.28,1.04,0.34
20240724142243,0.62,0.66,0.27
20240724142244,0.34,0.85,0.31
20240724142245,0.22,0.99,0.25
20240724142246,0.01,0.98,0.26
20240724142247,0.38,0.92,0.37
20240724142248,0.28,1.02,0.41
20240724142249,0.14,0.83,0.27
20240724142250,-0.02,0.98,0.19
20240724142251,0.03,0.89,0.45
20240724142252,0.03,0.93,0.47
20240724142253,0.17,0.86,0.25
20240724142254,0.14,1.08,0.39
20240724142255,-0.05,0.93,0.32
20240724142256,0.57,0.87,0.34
20240724142257,0.15,0.88,0.42
20240724142258,0.21,0.92,0.35
20240724142259,0.15,0.89,0.19
20240724142300,0.02,0.88,0.48
20240724142301,0.04,0.88,0.32
20240724142302,0.16,0.85,0.25
20240724142303,0.07,0.93,0.32
20240724142304,0.24,0.93,0.34
20240724142305,0.02,0.99,0.30
20240724142306,0.12,0.90,0.30
20240724142307,0.25,0.87,0.36
20240724142308,0.06,0.97,0.30
20240724142309,0.13,0.96,0.39
20240724142310,0.23,1.03,0.31
20240724142311,0.28,1.02,0.09
20240724142312,0.11,1.03,0.34
20240724142313,-0.03,0.96,0.22
20240724142314,0.06,0.95,0.44
20240724142315,0.20,0.80,0.34
20240724142316,0.18,0.91,0.26
20240724142318,0.25,1.00,0.39
20240724142319,-0.08,0.94,0.31
20240724142320,0.01,0.94,0.35
20240724142321,0.21,0.92,0.29
20240724142322,0.18,1.10,0.33
20240724142323,-0.05,0.92,0.33
20240724142324,0.11,0.79,0.45
20240724142325,0.01,0.96,0.30
20240724142326,-0.06,0.99,0.25
20240724142327,0.11,0.99,0.18
20240724142328,0.41,0.92,-0.06
20240724142329,0.24,0.96,0.34
20240724142330,0.11,0.90,0.43
20240724142331,0.13,0.94,0.10
20240724142332,0.28,0.92,0.33
20240724142333,0.05,1.05,0.50
20240724142334,-0.02,0.88,0.43
20240724142335,0.26,1.06,0.20
20240724142336,0.14,0.99,0.30
20240724142337,-0.03,1.05,0.20
20240724142338,-0.10,0.86,0.34
20240724142339,0.24,0.93,0.23
20240724142340,0.11,0.93,0.32
20240724142341,-0.11,0.99,0.36
20240724142342,-0.17,0.93,0.24
20240724142343,0.38,0.95,0.01
20240724142344,0.11,0.92,0.29
20240724142345,-0.15,0.84,0.34
20240724142346,0.11,0.88,0.44
20240724142347,0.06,1.07,0.19
20240724142348,0.28,0.97,0.33
20240724142349,0.03,0.95,0.31
20240724142350,-0.05,1.12,0.08
20240724142351,-0.23,1.07,0.39
20240724142352,-0.32,0.75,0.53
20240724142353,-0.23,0.78,0.32
20240724142354,-0.31,0.90,0.57
20240724142355,-0.25,0.80,0.55
20240724142356,-0.19,0.78,0.51
20240724142357,-0.24,0.80,0.60
20240724142358,-0.26,0.91,0.49
20240724142359,-0.13,1.12,0.19
20240724142400,0.04,1.03,0.19
20240724142401,0.04,1.00,0.01
20240724142402,0.04,0.99,0.29
20240724142403,0.17,0.78,0.37
20240724142404,0.19,0.93,0.29
20240724142405,-0.05,1.05,0.20
20240724142406,0.06,0.91,0.32
20240724142407,0.13,1.00,0.15
20240724142408,0.02,0.84,0.23
20240724142409,0.15,1.01,0.30
20240724142410,0.15,1.09,0.16
20240724142411,0.19,0.96,0.21
20240724142412,0.05,0.93,0.31
20240724142413,0.07,0.96,0.23
20240724142414,-0.02,1.11,0.33
20240724142415,0.28,0.86,0.20
20240724142416,0.09,1.14,0.31
20240724142417,-0.11,1.09,0.31
20240724142418,-0.15,0.94,0.27
20240724142419,-0.10,0.88,0.15
20240724142420,0.21,0.93,0.29
20240724142421,-0.07,1.02,0.11
20240724142422,0.00,0.98,0.22
20240724142423,-0.05,0.99,0.37
20240724142424,0.02,1.12,0.15
20240724142425,0.14,0.97,0.29
20240724142426,-0.25,0.92,0.30
20240724142427,-0.12,0.99,0.19
20240724142428,-0.16,0.81,0.27
20240724142429,0.14,0.90,0.29
20240724142430,0.12,0.83,0.32
20240724142431,0.36,0.93,0.23
20240724142432,0.15,0.89,0.20
20240724142433,0.14,0.90,0.05
20240724142434,0.17,0.86,0.38
20240724142435,0.00,1.04,0.21
20240724142436,0.09,0.93,0.19
20240724142437,-0.07,0.90,0.42
20240724142438,0.25,1.03,0.22
20240724142439,0.10,1.02,0.19
20240724142440,0.03,1.13,-0.01
20240724142441,-0.04,0.95,-0.25
20240724142442,-0.02,0.98,-0.28
20240724142443,0.08,0.98,-0.12
20240724142444,-0.02,1.20,-0.19
20240724142445,-0.22,1.01,0.04
20240724142446,-0.24,0.94,0.06
20240724142447,-0.07,1.02,-0.23
20240724142448,-0.06,0.96,0.17
20240724142449,-0.17,1.06,0.02
20240724142450,-0.30,1.10,0.15
20240724142451,-0.22,0.86,0.31
20240724142452,-0.25,1.05,-0.03
20240724142453,0.10,0.89,0.11
20240724142454,-0.20,0.98,0.10
20240724142455,-0.30,0.94,0.14
20240724142456,-0.47,0.72,0.22
20240724142457,-0.29,0.90,0.06
20240724142458,-0.14,1.10,0.05
20240724142459,-0.37,1.01,0.11
20240724142500,-0.54,1.03,0.20
20240724142501,-0.48,0.87,0.23
20240724142502,-0.20,0.90,0.06
20240724142503,-0.19,0.93,0.00
20240724142504,-0.43,0.93,0.18
20240724142505,-0.33,0.97,0.11
20240724142506,-0.43,1.15,0.24
20240724142507,-0.18,0.88,0.29
20240724142508,-0.31,0.81,0.08
20240724142509,-0.40,0.85,0.22
20240724142510,-0.33,0.85,0.26
20240724142511,-0.37,0.85,0.17
20240724142512,-0.13,0.95,0.13
20240724142513,-0.37,0.95,0.12
20240724142514,-0.32,0.90,0.16
20240724142515,-0.37,0.77,0.31
20240724142516,-0.26,1.02,0.02
20240724142517,-0.19,0.95,0.23
20240724142518,-0.30,0.93,0.16
20240724142519,-0.43,0.99,0.11
20240724142520,-0.49,1.04,0.27
20240724142521,-0.10,0.82,0.13
20240724142522,-0.03,1.17,0.03
20240724142523,-0.37,0.89,0.25
20240724142524,-0.39,0.92,0.20
20240724142525,-0.33,1.16,0.11
20240724142526,-0.00,0.94,0.22
20240724142527,-0.20,0.92,0.28
20240724142528,-0.59,0.85,0.23
20240724142529,-0.46,0.83,0.13
20240724142530,-0.37,0.87,0.30
20240724142531,-0.33,0.93,0.22
20240724142532,-0.21,1.00,0.27
20240724142533,-0.38,0.94,0.16
20240724142534,-0.35,0.85,0.35
20240724142535,-0.33,0.94,0.13
20240724142536,-0.22,0.96,0.25
20240724142537,-0.40,0.91,0.08
20240724142538,-0.56,0.74,0.25
20240724142539,-0.39,0.99,0.05
20240724142540,-0.08,0.97,0.10
20240724142541,-0.35,1.01,0.32
20240724142542,-0.42,0.91,0.12
20240724142543,-0.55,0.83,0.13
20240724142544,-0.17,0.74,0.14
20240724142545,-0.18,1.11,0.17
20240724142547,-0.39,1.14,0.25
20240724142548,-0.48,0.84,0.28
20240724142549,-0.17,0.92,0.17
20240724142550,-0.10,0.94,0.23
20240724142551,-0.35,1.03,0.37
20240724142552,-0.50,0.91,0.13
20240724142553,-0.35,0.90,0.22
20240724142554,-0.15,0.82,0.32
20240724142555,-0.36,0.83,0.13
20240724142556,-0.47,0.96,0.11
20240724142557,-0.45,0.81,0.15
20240724142558,-0.47,1.10,0.01
20240724142559,-0.26,1.03,0.13
20240724142600,-0.36,1.26,0.30
20240724142601,-0.50,0.91,0.13
20240724142602,-0.55,0.77,0.24
20240724142603,-0.29,1.07,0.13
20240724142604,-0.13,0.85,0.37
20240724142605,-0.51,0.93,0.48
20240724142606,-0.60,0.89,0.18
20240724142607,-0.40,0.82,0.17
20240724142608,-0.18,0.79,0.30
20240724142609,-0.50,0.99,0.17
20240724142610,-0.58,0.71,0.31
20240724142611,-0.35,0.86,0.21
20240724142612,-0.14,1.04,0.23
20240724142613,-0.14,0.82,0.41
20240724142614,-0.39,0.90,0.07
20240724142615,-0.53,0.95,0.19
20240724142616,-0.47,0.75,0.19
20240724142617,-0.04,0.98,0.22
20240724142618,-0.16,1.00,0.26
20240724142619,-0.39,0.94,0.32
20240724142620,-0.58,0.75,0.31
20240724142621,-0.50,0.81,0.33
20240724142622,-0.17,0.87,0.31
20240724142623,-0.43,0.84,0.14
20240724142624,-0.49,0.84,0.18
20240724142625,-0.49,1.14,0.12
20240724142626,-0.13,0.75,0.10
20240724142627,-0.38,1.16,0.18
20240724142628,-0.53,0.76,0.37
20240724142629,-0.50,0.83,0.29
20240724142630,-0.21,0.84,0.25
20240724142631,-0.10,0.99,0.27
20240724142632,-0.40,1.01,0.26
20240724142633,-0.52,1.09,0.13
20240724142634,-0.56,0.95,0.20
20240724142635,-0.06,0.85,0.15
20240724142636,-0.39,0.95,0.04
20240724142637,-0.50,0.78,0.22
20240724142638,-0.49,0.90,0.26
20240724142639,-0.52,0.93,0.04
20240724142640,-0.27,1.05,0.41
20240724142641,-0.37,0.96,0.13
20240724142642,-0.36,0.93,0.21
20240724142643,-0.55,0.84,0.24
20240724142644,-0.54,0.85,-0.04
20240724142645,-0.05,0.99,0.23
20240724142646,-0.15,1.09,0.43
20240724142647,-0.45,0.90,0.26
20240724142648,-0.35,0.88,0.15
20240724142649,-0.54,0.74,0.20
20240724142650,-0.46,0.89,0.29
20240724142651,-0.23,0.91,0.19
20240724142652,-0.47,0.80,0.32
20240724142653,-0.49,0.87,0.13
20240724142654,-0.43,0.90,0.23
20240724142655,-0.29,0.94,0.26
20240724142656,-0.31,0.77,0.44
20240724142657,-0.53,0.83,0.28
20240724142658,-0.49,0.76,0.33
20240724142659,-0.35,0.79,0.22
20240724142700,0.04,0.95,0.29
20240724142701,-0.36,0.64,0.42
20240724142702,-0.45,0.91,0.25
20240724142703,-0.59,0.75,0.33
20240724142704,-0.06,0.96,0.30
20240724142705,0.02,0.83,0.32
20240724142706,-0.64,0.78,0.51
20240724142707,-0.63,0.72,0.19
20240724142708,-0.46,0.76,0.30
20240724142709,-0.28,0.74,0.47
20240724142710,-0.47,0.77,0.25
20240724142711,-0.48,0.81,0.29
20240724142712,-0.57,0.70,0.33
20240724142713,-0.24,1.15,0.34
20240724142714,-0.21,0.89,0.40
20240724142715,-0.41,0.77,0.35
20240724142716,-0.59,0.85,0.18
20240724142717,-0.65,0.91,0.38
20240724142718,-0.13,1.08,0.53
20240724142719,-0.20,0.74,0.32
20240724142720,-0.63,0.44,0.31
20240724142721,-0.63,0.78,0.13
20240724142722,-0.77,0.58,0.10
20240724142723,-0.54,0.43,0.50
20240724142724,-0.15,0.95,-0.02
20240724142725,-0.28,1.04,0.17
20240724142726,-0.56,0.79,0.28
20240724142727,-0.16,0.83,0.29
20240724142728,-0.11,0.36,0.79
20240724142729,-0.01,-0.04,1.01
20240724142730,-0.01,-0.04,1.02
20240724142731,-0.01,-0.05,1.02
20240724142732,-0.02,-0.06,1.02
20240724142733,-0.01,-0.03,1.02
20240724142734,-0.01,-0.04,1.01
20240724142735,0.05,-0.02,1.02
20240724142736,-0.01,-0.04,1.01
20240724142737,-0.01,-0.03,1.01
20240724142738,-0.01,-0.04,1.02
20240724142739,-0.01,-0.03,1.01
20240724142740,-0.01,-0.03,1.01
20240724142741,-0.01,-0.04,1.01
20240724142742,-0.01,-0.04,1.01
20240724142743,-0.01,-0.03,1.01
20240724142744,-0.01,-0.04,1.01
20240724142745,-0.01,-0.04,1.01
20240724142746,-0.01,-0.03,1.01
20240724142747,-0.01,-0.04,1.01
20240724142748,-0.01,-0.04,1.02
20240724142749,-0.01,-0.04,1.01
20240724142750,-0.01,-0.03,1.01
20240724142751,-0.01,-0.04,1.01
20240724142752,-0.01,-0.03,1.01
20240724142753,-0.01,-0.04,1.01
20240724142754,-0.01,-0.04,1.01
20240724142755,-0.01,-0.04,1.01
20240724142756,-0.01,-0.03,1.01
20240724142757,-0.01,-0.03,1.01
20240724142758,-0.01,-0.04,1.01
20240724142759,-0.01,-0.04,1.01
20240724142801,-0.01,-0.03,1.01
20240724142802,-0.01,-0.04,1.01
20240724142803,-0.01,-0.04,1.01
20240724142804,-0.01,-0.04,1.01
20240724142805,-0.01,-0.03,1.01
20240724142806,-0.01,-0.04,1.01
20240724142807,-0.01,-0.04,1.01
20240724142808,-0.01,-0.04,1.01
20240724142809,-0.01,-0.04,1.01
20240724142810,-0.01,-0.04,1.01
20240724142811,-0.01,-0.04,1.01
20240724142812,-0.01,-0.04,1.01
20240724142813,-0.01,-0.03,1.01
20240724142814,-0.01,-0.04,1.02
20240724142815,-0.01,-0.04,1.01
20240724142816,-0.01,-0.04,1.01
20240724142817,-0.01,-0.04,1.01
20240724142818,-0.01,-0.03,1.01
20240724142819,-0.01,-0.03,1.01
20240724142820,-0.01,-0.04,1.01
20240724142821,-0.01,-0.04,1.01
20240724142822,-0.01,-0.04,1.01
20240724142823,-0.01,-0.03,1.01
20240724142824,-0.01,-0.04,1.01
20240724142825,-0.01,-0.03,1.01
20240724142826,-0.01,-0.03,1.01
20240724142827,-0.01,-0.04,1.01
20240724142828,-0.01,-0.03,1.01
20240724142829,-0.01,-0.03,1.01
20240724142830,-0.01,-0.03,1.01
20240724142831,-0.01,-0.03,1.01
20240724142832,-0.01,-0.04,1.01
20240724142833,-0.01,-0.03,1.01
20240724142834,-0.01,-0.04,1.01
20240724142835,-0.01,-0.04,1.01
20240724142836,-0.01,-0.03,1.01
20240724142837,-0.01,-0.04,1.01
20240724142838,-0.01,-0.04,1.01
20240724142839,-0.01,-0.04,1.01
20240724142840,-0.01,-0.04,1.01
20240724142841,-0.01,-0.03,1.01
20240724142842,-0.01,-0.03,1.01
20240724142843,-0.01,-0.03,1.01
20240724142844,-0.01,-0.04,1.01
20240724142845,-0.01,-0.04,1.01
20240724142846,-0.01,-0.03,1.01
20240724142847,-0.01,-0.03,1.01
20240724142848,-0.01,-0.04,1.01
20240724142849,-0.01,-0.04,1.01
20240724142850,-0.01,-0.03,1.01
20240724142851,-0.01,-0.03,1.01
20240724142852,-0.01,-0.04,1.01
20240724142853,-0.01,-0.04,1.01
20240724142854,-0.01,-0.03,1.01
20240724142855,-0.01,-0.03,1.01
20240724142856,-0.01,-0.04,1.01
20240724142857,-0.01,-0.04,1.01
20240724142858,-0.01,-0.04,1.01
20240724142859,-0.01,-0.04,1.01
20240724142900,-0.01,-0.04,1.01
20240724142901,-0.01,-0.04,1.01
20240724142902,-0.01,-0.03,1.01
20240724142903,-0.01,-0.03,1.01
20240724142904,-0.01,-0.04,1.01
20240724142905,-0.01,-0.03,1.01
20240724142906,-0.01,-0.04,1.01
20240724142907,-0.01,-0.04,1.01
20240724142908,-0.01,-0.04,1.01
20240724142909,-0.01,-0.03,1.01
20240724142910,-0.01,-0.04,1.01
20240724142911,-0.01,-0.04,1.01
20240724142912,-0.01,-0.04,1.01
20240724142913,-0.01,-0.03,1.01
20240724142914,-0.01,-0.04,1.01
20240724142915,-0.01,-0.03,1.01
20240724142916,-0.01,-0.03,1.01
20240724142917,-0.01,-0.04,1.01
20240724142918,-0.01,-0.04,1.01
20240724142919,-0.01,-0.04,1.01
20240724142920,-0.01,-0.04,1.01
20240724142921,-0.01,-0.03,1.01
20240724142922,-0.01,-0.04,1.01
20240724142923,-0.01,-0.03,1.01
20240724142924,-0.01,-0.04,1.01
20240724142925,-0.01,-0.03,1.01
20240724142926,-0.01,-0.04,1.01
20240724142927,-0.01,-0.04,1.01
20240724142928,-0.01,-0.03,1.01
20240724142929,-0.01,-0.03,1.01
20240724142930,-0.01,-0.03,1.01
20240724142931,-0.01,-0.03,1.01
20240724142932,-0.01,-0.03,1.01
20240724142933,-0.01,-0.04,1.01
20240724142934,-0.01,-0.03,1.01
20240724142935,-0.01,-0.03,1.01
20240724142936,-0.01,-0.04,1.01
20240724142937,-0.01,-0.03,1.01
20240724142938,-0.01,-0.04,1.01
20240724142939,-0.01,-0.03,1.01
20240724142940,-0.01,-0.03,1.01
20240724142941,-0.01,-0.04,1.01
20240724142942,-0.01,-0.04,1.01
20240724142943,-0.02,-0.04,1.01
20240724142944,-0.01,-0.03,1.01
20240724142945,-0.01,-0.03,1.01
20240724142946,-0.01,-0.03,1.01
20240724142947,-0.01,-0.04,1.01
20240724142948,-0.01,-0.03,1.01
20240724142949,-0.01,-0.04,1.01
20240724142950,-0.01,-0.04,1.01
20240724142951,-0.01,-0.03,1.01
20240724142952,-0.01,-0.04,1.01
20240724142953,-0.01,-0.04,1.01
20240724142954,-0.01,-0.03,1.01
20240724142955,-0.01,-0.04,1.01
20240724142956,-0.01,-0.04,1.01
20240724142957,-0.01,-0.04,1.01
20240724142958,-0.01,-0.03,1.01
20240724142959,-0.01,-0.03,1.01
20240724143000,-0.01,-0.03,1.01
20240724143001,-0.01,-0.04,1.01
20240724143002,-0.01,-0.04,1.01
20240724143003,-0.01,-0.03,1.01
20240724143004,-0.01,-0.04,1.01
20240724143005,-0.01,-0.03,1.01
20240724143006,-0.01,-0.04,1.01
20240724143007,-0.01,-0.04,1.01
20240724143008,-0.01,-0.03,1.01
20240724143009,-0.01,-0.04,1.01
20240724143011,-0.01,-0.04,1.01
20240724143012,-0.01,-0.04,1.01
20240724143013,-0.01,-0.03,1.01
20240724143014,-0.01,-0.03,1.01
20240724143015,-0.01,-0.04,1.01
20240724143016,-0.01,-0.04,1.01
20240724143017,-0.01,-0.04,1.01
20240724143018,-0.01,-0.03,1.01
20240724143019,-0.01,-0.04,1.01
20240724143020,-0.01,-0.03,1.01
20240724143021,-0.01,-0.03,1.01
20240724143022,-0.01,-0.04,1.01
20240724143023,-0.01,-0.04,1.01
20240724143024,-0.01,-0.04,1.01
20240724143025,-0.01,-0.03,1.01
20240724143026,-0.01,-0.03,1.01
20240724143027,-0.01,-0.04,1.01
20240724143028,-0.01,-0.04,1.01
20240724143029,-0.01,-0.04,1.01
20240724143030,-0.01,-0.04,1.01
20240724143031,-0.01,-0.04,1.01
20240724143032,-0.01,-0.04,1.01
20240724143033,-0.01,-0.03,1.01
20240724143034,-0.01,-0.03,1.01
20240724143035,-0.01,-0.03,1.01
20240724143036,-0.01,-0.03,1.01
20240724143037,-0.01,-0.03,1.01
20240724143038,-0.01,-0.04,1.01
20240724143039,-0.01,-0.04,1.01
20240724143040,-0.01,-0.04,1.01
20240724143041,-0.01,-0.04,1.01
20240724143042,-0.01,-0.04,1.01
20240724143043,-0.01,-0.04,1.01
20240724143044,-0.01,-0.03,1.01
20240724143045,-0.01,-0.04,1.01
20240724143046,-0.01,-0.04,1.01
20240724143047,-0.01,-0.03,1.01
20240724143048,-0.01,-0.04,1.01
20240724143049,-0.01,-0.03,1.01
20240724143050,-0.01,-0.03,1.01
20240724143051,-0.01,-0.03,1.01
20240724143052,-0.01,-0.03,1.01
20240724143053,-0.01,-0.03,1.01
20240724143054,-0.01,-0.03,1.01
20240724143055,-0.01,-0.03,1.01
20240724143056,-0.01,-0.04,1.01
20240724143057,-0.01,-0.04,1.01
20240724143058,-0.01,-0.03,1.01
20240724143059,-0.01,-0.04,1.01
20240724143100,-0.01,-0.04,1.01
20240724143101,-0.01,-0.04,1.01
20240724143102,-0.01,-0.03,1.01
20240724143103,-0.01,-0.03,1.01
20240724143104,-0.01,-0.04,1.01
20240724143105,-0.01,-0.04,1.01
20240724143106,-0.01,-0.03,1.01
20240724143107,-0.01,-0.03,1.01
20240724143108,-0.01,-0.04,1.01
20240724143109,-0.01,-0.04,1.01
20240724143110,-0.01,-0.03,1.01
20240724143111,-0.01,-0.03,1.01
20240724143112,-0.01,-0.04,1.01
20240724143113,-0.01,-0.03,1.01
20240724143114,-0.01,-0.04,1.01
20240724143115,-0.01,-0.04,1.01
20240724143116,-0.01,-0.04,1.01
20240724143117,-0.01,-0.04,1.01
20240724143118,-0.01,-0.03,1.01
20240724143119,-0.01,-0.03,1.01
20240724143120,-0.01,-0.04,1.01
20240724143121,-0.01,-0.03,1.01
20240724143122,-0.01,-0.04,1.01
20240724143123,-0.01,-0.03,1.01
20240724143124,-0.01,-0.03,1.01
20240724143125,-0.01,-0.03,1.01
20240724143126,-0.01,-0.03,1.01
20240724143127,-0.01,-0.03,1.01
20240724143128,-0.01,-0.03,1.01
20240724143129,-0.01,-0.03,1.01
20240724143130,-0.01,-0.04,1.01
20240724143131,-0.01,-0.04,1.01
20240724143132,-0.01,-0.04,1.01
20240724143133,-0.01,-0.04,1.01
20240724143134,-0.01,-0.04,1.01
20240724143135,-0.01,-0.04,1.01
20240724143136,-0.01,-0.03,1.01
20240724143137,-0.01,-0.04,1.01
20240724143138,-0.01,-0.03,1.01
20240724143139,-0.01,-0.03,1.01
20240724143140,-0.01,-0.04,1.01
20240724143141,-0.01,-0.03,1.01
20240724143142,-0.01,-0.04,1.01
20240724143143,-0.01,-0.03,1.01
20240724143144,-0.01,-0.03,1.01
20240724143145,-0.01,-0.03,1.01
20240724143146,-0.01,-0.03,1.01
20240724143147,-0.01,-0.04,1.01
20240724143148,-0.01,-0.03,1.01
20240724143149,-0.01,-0.03,1.01
20240724143150,-0.01,-0.04,1.01
20240724143151,-0.01,-0.03,1.01
20240724143152,-0.01,-0.04,1.01
20240724143153,-0.01,-0.04,1.01
20240724143154,-0.01,-0.03,1.01
20240724143155,-0.01,-0.04,1.01
20240724143156,-0.01,-0.03,1.01
20240724143157,-0.01,-0.03,1.01
20240724143158,-0.01,-0.04,1.01
20240724143159,-0.01,-0.03,1.01
20240724143200,-0.01,-0.04,1.01
20240724143201,-0.01,-0.04,1.01
20240724143202,-0.01,-0.03,1.01
20240724143203,-0.01,-0.04,1.01
20240724143204,-0.01,-0.04,1.01
20240724143205,-0.01,-0.04,1.01
20240724143206,-0.01,-0.04,1.01
20240724143207,-0.01,-0.04,1.02
20240724143208,-0.01,-0.04,1.01
20240724143209,-0.01,-0.03,1.01
20240724143210,-0.01,-0.04,1.01
20240724143211,-0.01,-0.03,1.01
20240724143212,-0.01,-0.03,1.01
20240724143213,-0.01,-0.04,1.01
20240724143214,-0.01,-0.03,1.01
20240724143215,-0.01,-0.04,1.01
20240724143216,-0.01,-0.03,1.01
20240724143217,-0.01,-0.03,1.01
20240724143218,-0.01,-0.03,1.01
20240724143219,-0.01,-0.03,1.01
20240724143220,-0.01,-0.03,1.01
20240724143221,-0.01,-0.03,1.01
20240724143222,-0.01,-0.03,1.01
20240724143223,-0.01,-0.04,1.01
20240724143224,-0.01,-0.03,1.01
20240724143225,-0.01,-0.03,1.01
20240724143226,-0.01,-0.04,1.01
20240724143227,-0.01,-0.03,1.01
20240724143228,-0.01,-0.04,1.01
20240724143230,-0.01,-0.03,1.01
20240724143231,-0.01,-0.03,1.01
20240724143232,0.04,0.99,0.02
20240724143233,0.07,-1.51,-0.42
20240724143234,-0.22,0.13,-1.00
20240724143235,-0.10,0.04,1.39
20240724143236,0.02,-0.73,0.80
20240724143237,0.26,0.40,1.07
20240724143238,-0.21,-0.64,1.36
20240724143239,-0.52,-0.40,1.15
20240724143240,-0.30,-0.29,0.93
20240724143241,-0.34,-0.38,1.00
20240724143242,0.17,-0.52,0.63
20240724143243,0.40,0.87,2.55
20240724143244,-0.16,0.03,4.00
20240724143245,-0.74,-0.29,0.32
20240724143246,-1.08,-1.46,1.52
20240724143247,-1.00,0.74,2.43
20240724143248,0.49,0.79,-0.34
20240724143249,-0.81,-0.05,0.04
20240724143250,0.12,-0.56,0.58
20240724143251,-0.52,0.72,2.14
20240724143252,-0.93,-0.39,2.12
20240724143253,0.97,0.20,-1.78
20240724143254,0.09,0.81,-0.20
20240724143255,0.41,-0.85,0.33
20240724143256,0.15,0.33,0.12
20240724143257,-0.22,0.85,0.11
20240724143258,0.08,-0.97,0.66
20240724143259,0.00,-0.02,1.05
20240724143300,0.23,-0.37,-1.12
20240724143301,0.13,0.59,-0.26
20240724143302,-0.08,-0.80,0.38
20240724143303,0.47,-0.35,-0.38
20240724143304,-0.08,-0.48,0.13
20240724143305,-0.08,-0.09,0.38
20240724143306,-0.44,-0.59,-0.06
20240724143307,0.18,-0.87,0.75
20240724143308,-0.32,-0.12,0.29
20240724143309,-1.60,1.49,0.74
20240724143310,-0.75,1.97,-0.80
20240724143311,-0.16,0.29,-0.73
20240724143312,0.20,0.34,-0.92
20240724143313,-0.39,1.48,1.85
20240724143314,-0.52,0.67,-0.21
20240724143315,0.18,-0.04,-0.77
20240724143316,-0.69,-0.41,1.90
20240724143317,0.52,-0.08,0.04
20240724143318,0.73,-0.44,-0.64
20240724143319,0.83,-0.53,-0.59
20240724143320,0.38,0.79,0.20
20240724143321,0.30,0.28,0.60
20240724143322,0.41,1.61,1.90
20240724143323,0.60,0.02,0.03
20240724143324,-0.29,0.59,0.73
20240724143325,-0.19,0.13,1.14
20240724143326,0.53,-0.05,0.32
20240724143327,-0.06,-0.17,0.69
20240724143328,-0.20,0.44,1.38
20240724143329,0.36,-0.60,0.29
20240724143330,0.01,0.22,1.48
20240724143331,-0.38,0.30,1.79
20240724143332,0.71,-0.18,0.35
20240724143333,-0.08,-0.80,0.57
20240724143334,0.51,0.36,0.89
20240724143335,0.41,0.28,0.76
20240724143336,0.25,-0.28,0.59
20240724143337,-0.04,-0.09,1.38
20240724143338,-0.39,0.09,1.10
20240724143339,-0.10,-0.21,0.91
20240724143340,0.06,-0.43,0.71
20240724143341,0.42,-0.60,0.67
20240724143342,0.34,0.25,0.81
20240724143343,-0.03,-0.64,0.77
20240724143344,0.32,0.56,0.70
20240724143345,0.64,-0.36,0.36
20240724143346,0.31,-0.17,0.83
20240724143347,0.23,0.36,0.96
20240724143348,0.36,0.35,1.06
20240724143349,0.16,0.23,1.04
20240724143350,0.26,0.41,1.10
20240724143351,0.45,0.02,0.78
20240724143352,0.63,-0.50,0.49
20240724143353,0.29,0.55,0.72
20240724143354,0.14,0.48,1.46
20240724143355,0.44,-0.52,0.14
20240724143356,0.11,0.26,1.02
20240724143357,0.43,-1.35,0.04
20240724143358,-0.06,0.09,-0.12
20240724143359,0.77,1.50,1.46
20240724143400,-1.22,-0.30,1.10
20240724143401,-1.22,-1.78,2.28
20240724143402,-0.56,-0.00,1.72
20240724143403,-0.08,0.05,-0.11
20240724143404,-0.23,0.37,2.04
20240724143405,-0.44,-0.17,0.29
20240724143406,0.36,0.66,2.12
20240724143407,-0.25,0.97,2.22
20240724143408,-0.05,-0.32,0.74
20240724143409,-0.35,0.42,0.57
20240724143410,0.62,0.23,0.60
20240724143411,-0.38,0.49,1.16
20240724143412,0.43,-1.23,-1.11
20240724143413,-1.14,-0.23,2.81
20240724143414,0.58,0.29,1.05
20240724143415,-1.92,-0.42,3.23
20240724143416,0.16,0.03,0.76
20240724143417,0.31,0.42,0.91
20240724143418,-0.32,0.37,1.10
20240724143419,0.61,0.37,0.76
20240724143420,-0.07,0.25,1.52
20240724143421,0.44,-0.04,0.84
20240724143422,-0.05,-0.36,0.95
20240724143423,0.28,1.35,1.40
20240724143424,0.47,0.41,1.23
20240724143425,0.44,0.19,0.95
20240724143426,0.62,0.21,1.05
20240724143427,0.47,0.00,0.90
20240724143428,0.50,-0.04,0.91
20240724143429,0.33,-0.01,0.94
20240724143430,0.11,-0.62,0.07
20240724143431,0.42,0.16,0.99
20240724143432,-0.38,0.41,0.85
20240724143433,0.59,-0.67,0.19
20240724143434,0.39,-1.00,0.11
20240724143435,0.39,-0.51,0.60
20240724143436,-0.05,-0.88,0.60
20240724143437,-0.12,0.56,0.70
20240724143438,0.00,1.24,1.67
20240724143439,-0.21,0.81,1.50
20240724143440,-0.16,0.07,1.02
20240724143441,-0.30,0.29,1.79
20240724143442,0.31,0.85,0.95
20240724143443,-1.17,0.28,-0.06
20240724143444,0.48,3.47,4.00
20240724143445,-1.06,0.41,0.55
20240724143446,-0.96,-2.10,1.69
20240724143447,-0.03,-0.62,1.38
20240724143449,-0.85,-2.34,1.25
20240724143450,-0.87,-1.99,1.15
20240724143451,-0.89,-0.58,3.76
20240724143452,-0.09,0.55,1.69
20240724143453,0.05,0.44,1.93
20240724143454,0.61,-0.65,-0.10
20240724143455,-0.01,0.02,1.24
20240724143456,0.27,0.07,0.81
20240724143457,0.60,-0.67,-0.96
20240724143458,0.10,-0.26,0.27
20240724143459,0.66,-0.72,-0.20
20240724143500,0.51,-0.83,-0.10
20240724143501,-0.39,-0.12,0.67
20240724143502,-0.02,0.82,2.40
20240724143503,0.56,-0.01,0.11
20240724143504,-0.36,-0.83,0.59
20240724143505,0.24,-0.51,0.75
20240724143506,0.10,-0.42,0.55
20240724143507,-0.72,0.55,1.91
20240724143508,0.17,0.39,1.17
20240724143509,-0.30,0.84,2.05
20240724143510,0.51,-0.53,0.04
20240724143511,0.06,0.75,1.17
20240724143512,0.32,-0.11,0.67
20240724143513,-0.35,0.83,0.95
20240724143514,-1.08,-0.02,1.44
20240724143515,-0.67,-0.28,0.05
20240724143516,-0.28,1.86,2.01
20240724143517,-0.70,-1.07,1.08
20240724143518,-1.29,-0.24,1.25
20240724143519,-0.35,0.21,2.65
20240724143520,0.27,-0.91,0.02
20240724143521,0.42,0.53,0.09
20240724143522,-0.68,0.15,2.57
20240724143523,-0.71,-0.30,0.81
20240724143524,0.91,-0.54,0.14
20240724143525,0.47,0.30,1.02
20240724143526,-0.12,0.52,1.24
20240724143527,-0.38,0.35,1.15
20240724143528,0.14,-0.13,0.57
20240724143529,0.17,-0.44,0.39
20240724143530,0.45,-0.65,0.32
20240724143531,0.28,0.06,0.76
20240724143532,-0.29,0.47,1.38
20240724143533,0.02,0.33,0.99
20240724143534,-0.03,0.06,0.91
20240724143535,0.84,0.01,-0.11
20240724143536,-0.20,-0.09,1.02
20240724143537,0.48,-0.04,0.40
20240724143538,0.53,-0.42,0.42
20240724143539,-0.43,0.82,1.39
20240724143540,-0.12,0.46,0.95
20240724143541,0.01,0.26,1.09
20240724143542,-0.41,0.70,1.49
20240724143543,-0.03,0.52,0.88
20240724143544,-0.19,0.56,1.28
20240724143545,0.25,-0.47,0.22
20240724143546,-0.14,0.15,1.37
20240724143547,-0.08,0.11,1.30
20240724143548,0.42,-0.32,-0.08
20240724143549,0.48,-0.47,0.16
20240724143550,0.30,-0.37,0.69
20240724143551,0.25,0.14,0.81
20240724143552,0.18,0.32,0.97
20240724143553,0.18,-0.47,0.64
20240724143554,0.49,-0.10,0.50
20240724143555,0.07,0.52,1.53
20240724143556,0.39,-0.92,0.03
20240724143557,-1.06,0.26,2.89
20240724143558,-0.14,0.33,1.10
20240724143559,-0.07,-0.19,0.72
20240724143600,0.43,-0.31,0.02
20240724143601,0.18,-0.21,0.37
20240724143602,0.61,0.12,0.89
20240724143603,0.53,-0.68,0.12
20240724143604,0.21,0.10,0.96
20240724143605,0.43,0.04,0.66
20240724143606,0.20,0.00,0.80
20240724143607,0.07,0.08,1.25
20240724143608,0.20,0.19,0.97
20240724143609,0.50,0.63,1.21
20240724143610,0.44,0.12,0.86
20240724143611,0.45,0.21,0.89
20240724143612,0.77,0.26,0.51
20240724143613,0.25,0.71,1.43
20240724143614,0.35,0.17,0.95
20240724143615,0.73,0.59,0.96
20240724143616,-0.06,-0.12,1.03
20240724143617,-0.13,0.06,0.90
20240724143618,0.37,0.12,1.19
20240724143619,0.13,0.17,1.18
20240724143620,0.10,-0.42,0.68
20240724143621,0.21,0.11,0.77
20240724143622,-0.47,0.01,1.06
20240724143623,-0.28,-0.03,1.43
20240724143624,0.78,0.01,0.28
20240724143625,1.06,0.18,-0.26
20240724143626,0.77,0.08,0.34
20240724143627,-0.02,0.23,1.72
20240724143628,0.98,0.11,-2.59
20240724143629,-0.64,0.26,0.56
20240724143630,-0.27,-0.15,0.99
20240724143631,0.09,0.19,-0.02
20240724143632,0.40,0.00,0.20
20240724143633,0.06,1.09,2.89
20240724143634,0.59,-0.62,-0.01
20240724143635,-0.15,-1.27,0.36
20240724143636,0.39,0.53,1.14
20240724143637,-0.18,-0.56,0.96
20240724143638,-0.56,-0.78,1.50
20240724143639,0.53,-0.44,0.99
20240724143640,0.48,0.52,1.00
20240724143641,0.30,-0.34,0.80
20240724143642,0.05,-0.62,0.88
20240724143643,0.32,0.10,0.59
20240724143644,0.41,0.14,0.67
20240724143645,0.48,1.13,1.32
20240724143646,0.35,0.88,2.21
20240724143647,0.40,-0.42,-0.49
20240724143648,-0.25,-0.83,1.17
20240724143649,-0.13,-1.21,-2.03
20240724143650,-0.09,0.76,0.99
20240724143651,-0.12,-0.29,0.28
20240724143652,0.06,-0.17,0.57
20240724143653,-0.08,0.25,1.09
20240724143654,-0.56,0.53,1.48
20240724143655,-0.36,0.43,1.75
20240724143656,0.88,0.59,0.00
20240724143657,0.19,-0.35,0.56
20240724143658,-0.41,0.85,1.20
20240724143659,-0.29,-0.10,1.12
20240724143700,-0.12,-0.41,0.60
20240724143701,0.93,-0.28,-0.45
20240724143702,0.55,-0.15,0.98
20240724143703,-0.51,-0.73,0.57
20240724143704,-0.31,-0.62,0.60
20240724143705,0.75,0.59,0.84
20240724143706,-0.02,0.42,1.32
20240724143707,-0.28,-0.33,1.17
20240724143708,0.52,0.29,-0.57
20240724143709,0.46,-0.94,-1.12
20240724143710,0.31,-0.49,-0.03
20240724143711,0.22,1.76,0.97
20240724143712,-0.72,0.66,1.69
20240724143713,-0.21,-0.31,0.68
20240724143714,-0.14,-0.02,0.89
20240724143715,-0.90,-0.07,1.74
20240724143716,0.27,-0.65,-0.33
20240724143717,0.35,-0.17,0.34
20240724143718,-0.15,1.01,1.22
20240724143720,0.50,0.45,0.26
20240724143721,-0.16,-0.22,0.50
20240724143722,-0.43,-1.17,1.65
20240724143723,-0.78,0.04,0.12
20240724143724,-2.85,-2.22,1.57
20240724143725,1.10,1.03,0.89
20240724143726,-1.96,-0.87,1.09
20240724143727,0.72,0.29,0.24
20240724143728,-1.59,-1.52,0.50
20240724143729,-0.81,-0.96,-0.94
20240724143730,1.39,0.20,-1.36
20240724143731,0.01,-0.29,0.99
20240724143732,-0.00,-0.03,1.01
20240724143733,-0.01,-0.04,1.02
20240724143734,-0.01,-0.04,1.02
20240724143735,-0.01,-0.04,1.02
20240724143736,-0.01,-0.04,1.02
20240724143737,-0.01,-0.04,1.02
20240724143738,-0.01,-0.04,1.02
20240724143739,-0.01,-0.04,1.02
20240724143740,-0.01,-0.04,1.01
20240724143741,-0.01,-0.04,1.02
20240724143742,-0.01,-0.04,1.01
20240724143743,-0.01,-0.04,1.02
20240724143744,-0.01,-0.04,1.02
20240724143745,-0.01,-0.04,1.02
20240724143746,-0.01,-0.04,1.01
20240724143747,-0.01,-0.04,1.02
20240724143748,-0.01,-0.04,1.02
20240724143749,-0.01,-0.04,1.01
20240724143750,-0.01,-0.04,1.01
20240724143751,-0.01,-0.04,1.02
20240724143752,-0.01,-0.04,1.02
20240724143753,-0.01,-0.04,1.02
20240724143754,-0.01,-0.04,1.02
20240724143755,-0.01,-0.04,1.02
20240724143756,-0.01,-0.04,1.02
20240724143757,-0.01,-0.04,1.02
20240724143758,-0.01,-0.04,1.01
20240724143759,-0.01,-0.04,1.02
20240724143800,-0.01,-0.04,1.01
20240724143801,-0.01,-0.04,1.02
20240724143802,-0.01,-0.04,1.02
20240724143803,-0.01,-0.04,1.02
20240724143804,-0.01,-0.04,1.02
20240724143805,-0.01,-0.04,1.02
20240724143806,-0.01,-0.04,1.02
20240724143807,-0.01,-0.04,1.02
20240724143808,-0.01,-0.04,1.02
20240724143809,-0.01,-0.04,1.02
20240724143810,-0.01,-0.04,1.01
20240724143811,-0.01,-0.04,1.01
20240724143812,-0.01,-0.04,1.02
20240724143813,-0.01,-0.04,1.02
20240724143814,-0.01,-0.04,1.02
20240724143815,-0.01,-0.04,1.02
20240724143816,-0.01,-0.04,1.02
20240724143817,-0.01,-0.04,1.02
20240724143818,-0.01,-0.04,1.02
20240724143819,-0.01,-0.04,1.02
20240724143820,-0.01,-0.04,1.01
20240724143821,-0.01,-0.04,1.02
20240724143822,-0.01,-0.04,1.01
20240724143823,-0.01,-0.04,1.01
20240724143824,-0.01,-0.04,1.02
20240724143825,-0.01,-0.04,1.02
20240724143826,-0.01,-0.04,1.02
20240724143827,-0.01,-0.04,1.01
20240724143828,-0.01,-0.04,1.01
20240724143829,-0.01,-0.04,1.02
20240724143830,-0.01,-0.04,1.02
20240724143831,-0.01,-0.04,1.02
20240724143832,-0.01,-0.04,1.02
20240724143833,-0.01,-0.04,1.02
20240724143834,-0.01,-0.04,1.02
20240724143835,-0.01,-0.04,1.01
20240724143836,-0.01,-0.04,1.01
20240724143837,-0.01,-0.04,1.02
20240724143838,-0.01,-0.04,1.02
20240724143839,-0.01,-0.04,1.02
20240724143840,-0.01,-0.04,1.02
20240724143841,-0.01,-0.04,1.02
20240724143842,-0.01,-0.04,1.02
20240724143843,-0.01,-0.04,1.02
20240724143844,-0.01,-0.04,1.01
20240724143845,-0.01,-0.04,1.02
20240724143846,-0.01,-0.04,1.02
20240724143847,-0.01,-0.04,1.02
20240724143848,-0.01,-0.04,1.02
20240724143849,-0.01,-0.04,1.01
20240724143850,-0.01,-0.04,1.02
20240724143851,-0.01,-0.04,1.02
20240724143852,-0.01,-0.04,1.02
20240724143853,-0.01,-0.04,1.02
20240724143854,-0.01,-0.04,1.01
20240724143855,-0.01,-0.04,1.02
20240724143856,-0.01,-0.04,1.02
20240724143857,-0.01,-0.04,1.02
20240724143858,-0.01,-0.04,1.02
20240724143859,-0.01,-0.04,1.02
20240724143900,-0.01,-0.04,1.02
20240724143901,-0.01,-0.04,1.02
20240724143902,-0.01,-0.04,1.02
20240724143903,-0.01,-0.04,1.02
20240724143904,-0.01,-0.04,1.02
20240724143905,-0.01,-0.04,1.02
20240724143906,-0.01,-0.04,1.02
20240724143907,-0.01,-0.04,1.02
20240724143908,-0.01,-0.04,1.01
20240724143909,-0.01,-0.04,1.02
20240724143910,-0.01,-0.04,1.02
20240724143911,-0.01,-0.04,1.02
20240724143912,-0.01,-0.04,1.02
20240724143913,-0.01,-0.04,1.02
20240724143914,-0.01,-0.04,1.01
20240724143915,-0.01,-0.04,1.02
20240724143916,-0.01,-0.04,1.01
20240724143917,-0.01,-0.04,1.01
20240724143918,-0.01,-0.04,1.02
20240724143919,-0.01,-0.04,1.02
20240724143920,-0.01,-0.04,1.02
20240724143921,-0.01,-0.04,1.02
20240724143922,-0.01,-0.04,1.02
20240724143923,-0.01,-0.04,1.02
20240724143924,-0.01,-0.04,1.01
20240724143925,-0.01,-0.04,1.02
20240724143926,-0.01,-0.04,1.02
20240724143927,-0.01,-0.04,1.02
20240724143928,-0.01,-0.04,1.02
20240724143929,-0.01,-0.04,1.02
20240724143930,-0.01,-0.04,1.02
20240724143931,-0.01,-0.04,1.01
20240724143932,-0.01,-0.04,1.01
20240724143933,-0.01,-0.04,1.01
20240724143934,-0.01,-0.04,1.02
20240724143935,-0.01,-0.04,1.02
20240724143936,-0.01,-0.04,1.02
20240724143937,-0.01,-0.04,1.02
20240724143938,-0.01,-0.04,1.02
20240724143939,-0.01,-0.04,1.02
20240724143940,-0.01,-0.04,1.02
20240724143941,-0.01,-0.04,1.02
20240724143942,-0.01,-0.04,1.02
20240724143943,-0.01,-0.04,1.02
20240724143944,-0.01,-0.04,1.02
20240724143945,-0.01,-0.04,1.02
20240724143946,-0.01,-0.04,1.02
20240724143947,-0.01,-0.04,1.01
20240724143948,-0.01,-0.04,1.02
20240724143950,-0.01,-0.04,1.02
20240724143951,-0.01,-0.04,1.02
20240724143952,-0.01,-0.04,1.02
20240724143953,-0.01,-0.04,1.02
20240724143954,-0.01,-0.04,1.02
20240724143955,-0.01,-0.04,1.02
20240724143956,-0.01,-0.04,1.02
20240724143957,-0.01,-0.04,1.02
20240724143958,-0.01,-0.04,1.02
20240724143959,-0.01,-0.04,1.02
20240724144000,-0.01,-0.04,1.02
20240724144001,-0.01,-0.04,1.02
20240724144002,-0.01,-0.03,1.02
20240724144003,-0.01,-0.04,1.02
20240724144004,-0.01,-0.04,1.02
20240724144005,-0.01,-0.04,1.02
20240724144006,-0.01,-0.04,1.02
20240724144007,-0.01,-0.04,1.02
20240724144008,-0.01,-0.04,1.02
20240724144009,-0.01,-0.04,1.02
20240724144010,-0.01,-0.04,1.02
20240724144011,-0.01,-0.04,1.02
20240724144012,-0.01,-0.04,1.02
20240724144013,-0.01,-0.04,1.02
20240724144014,-0.01,-0.04,1.01
20240724144015,-0.01,-0.04,1.01
20240724144016,-0.01,-0.04,1.02
20240724144017,-0.01,-0.04,1.02
20240724144018,-0.01,-0.04,1.01
20240724144019,-0.01,-0.04,1.02
20240724144020,-0.01,-0.04,1.02
20240724144021,-0.01,-0.04,1.02
20240724144022,-0.01,-0.04,1.02
20240724144023,-0.01,-0.04,1.02
20240724144024,-0.01,-0.04,1.02
20240724144025,-0.01,-0.04,1.02
20240724144026,-0.01,-0.04,1.02
20240724144027,-0.01,-0.04,1.02
20240724144028,-0.01,-0.04,1.02
20240724144029,-0.01,-0.04,1.02
20240724144030,-0.01,-0.04,1.02
20240724144031,-0.01,-0.04,1.02
20240724144032,-0.01,-0.04,1.02
20240724144033,-0.01,-0.04,1.02
20240724144034,-0.01,-0.04,1.02
20240724144035,-0.01,-0.04,1.02
20240724144036,-0.01,-0.04,1.02
20240724144037,-0.01,-0.04,1.02
20240724144038,-0.01,-0.04,1.02
20240724144039,-0.01,-0.04,1.02
20240724144040,-0.01,-0.04,1.02
20240724144041,-0.01,-0.04,1.02
20240724144042,-0.01,-0.04,1.02
20240724144043,-0.01,-0.03,1.02
20240724144044,-0.01,-0.04,1.02
20240724144045,-0.01,-0.04,1.02
20240724144046,-0.01,-0.04,1.02
20240724144047,-0.01,-0.04,1.02
20240724144048,-0.01,-0.04,1.02
20240724144049,-0.01,-0.04,1.02
20240724144050,-0.01,-0.04,1.02
20240724144051,-0.01,-0.04,1.02
20240724144052,-0.01,-0.04,1.02
20240724144053,-0.01,-0.04,1.02
20240724144054,-0.01,-0.04,1.02
20240724144055,-0.01,-0.04,1.02
20240724144056,-0.01,-0.04,1.02
20240724144057,-0.01,-0.04,1.02
20240724144058,-0.01,-0.04,1.02
20240724144059,-0.01,-0.04,1.02
20240724144100,-0.01,-0.04,1.02
20240724144101,-0.01,-0.04,1.02
20240724144102,-0.01,-0.04,1.02
20240724144103,-0.01,-0.04,1.02
20240724144104,-0.01,-0.04,1.02
20240724144105,-0.01,-0.04,1.02
20240724144106,-0.01,-0.04,1.02
20240724144107,-0.01,-0.04,1.01
20240724144108,-0.01,-0.04,1.02
20240724144109,-0.01,-0.04,1.02
20240724144110,-0.01,-0.04,1.02
20240724144111,-0.01,-0.03,1.02
20240724144112,-0.01,-0.04,1.01
20240724144113,-0.01,-0.04,1.02
20240724144114,-0.01,-0.04,1.02
20240724144115,-0.01,-0.04,1.02
20240724144116,-0.01,-0.04,1.02
20240724144117,-0.01,-0.04,1.02
20240724144118,-0.01,-0.04,1.02
20240724144119,-0.01,-0.04,1.01
20240724144120,-0.01,-0.04,1.02
20240724144121,-0.01,-0.04,1.02
20240724144122,-0.01,-0.04,1.02
20240724144123,-0.01,-0.04,1.02
20240724144124,-0.01,-0.04,1.01
20240724144125,-0.01,-0.04,1.02
20240724144126,-0.01,-0.04,1.02
20240724144127,-0.01,-0.04,1.02
20240724144128,-0.01,-0.04,1.02
20240724144129,-0.01,-0.03,1.02
20240724144130,-0.01,-0.04,1.01
20240724144131,-0.00,-0.04,1.02
20240724144132,-0.01,-0.04,1.02
20240724144133,-0.01,-0.04,1.02
20240724144134,-0.01,-0.04,1.02
20240724144135,-0.01,-0.04,1.02
20240724144136,-0.01,-0.04,1.02
20240724144137,-0.01,-0.04,1.02
20240724144138,-0.01,-0.04,1.02
20240724144139,-0.01,-0.04,1.02
20240724144140,-0.01,-0.04,1.02
20240724144141,-0.01,-0.04,1.02
20240724144142,-0.01,-0.04,1.02
20240724144143,-0.01,-0.04,1.02
20240724144144,-0.01,-0.04,1.01
20240724144145,-0.01,-0.03,1.01
20240724144146,-0.01,-0.04,1.02
20240724144147,-0.01,-0.04,1.02
20240724144148,-0.01,-0.04,1.02
20240724144149,-0.01,-0.04,1.02
20240724144150,-0.01,-0.04,1.02
20240724144151,-0.01,-0.04,1.02
20240724144152,-0.01,-0.04,1.02
20240724144153,-0.01,-0.04,1.02
20240724144154,-0.01,-0.04,1.02
20240724144155,-0.01,-0.04,1.02
20240724144156,-0.01,-0.04,1.02
20240724144157,-0.01,-0.04,1.02
20240724144158,-0.01,-0.04,1.02
20240724144159,-0.01,-0.04,1.01
20240724144200,-0.01,-0.04,1.02
20240724144201,-0.01,-0.04,1.02
20240724144202,-0.01,-0.04,1.02
20240724144203,-0.01,-0.04,1.02
20240724144204,-0.01,-0.04,1.02
20240724144205,-0.01,-0.04,1.02
20240724144206,-0.01,-0.04,1.02
20240724144207,-0.01,-0.04,1.01
20240724144208,-0.01,-0.04,1.02
20240724144209,-0.01,-0.04,1.02
20240724144210,-0.01,-0.04,1.02
20240724144211,-0.01,-0.04,1.01
20240724144212,-0.01,-0.04,1.02
20240724144214,-0.01,-0.04,1.02
20240724144215,-0.01,-0.04,1.01
20240724144216,-0.01,-0.04,1.02
20240724144217,-0.01,-0.04,1.02
20240724144218,-0.01,-0.04,1.02
20240724144219,-0.01,-0.04,1.02
20240724144220,-0.01,-0.04,1.02
20240724144221,-0.01,-0.04,1.02
20240724144222,-0.01,-0.04,1.01
20240724144223,-0.01,-0.04,1.02
20240724144224,-0.01,-0.04,1.02
20240724144225,-0.01,-0.04,1.02
20240724144226,-0.01,-0.04,1.02
20240724144227,-0.01,-0.04,1.02
20240724144228,-0.01,-0.04,1.02
20240724144229,-0.01,-0.04,1.02
20240724173427,-0.01,-0.03,1.02
20240724173428,-0.01,-0.03,1.02
20240724173429,-0.01,-0.03,1.02
20240724173430,-0.01,-0.03,1.02
20240724173431,-0.01,-0.03,1.02
20240724173432,-0.01,-0.03,1.02
20240724173433,-0.01,-0.03,1.02
20240724173434,-0.01,-0.03,1.02
20240724173435,-0.01,-0.03,1.02
20240724173436,-0.01,-0.03,1.02
20240724173437,-0.01,-0.03,1.02
20240724173438,-0.01,-0.03,1.02
20240724173439,-0.01,-0.03,1.02
20240724173440,-0.01,-0.03,1.02
20240724173441,0.06,-0.22,1.15
20240724173442,-0.11,0.03,1.07
20240724173443,-0.23,-0.06,1.30
20240724173444,-0.13,0.61,0.67
20240724173445,-0.09,-0.10,0.20
20240724173446,-0.78,-0.43,1.46
20240724173447,-0.75,-0.42,0.81
20240724173448,-0.17,-0.03,0.19
20240724173449,-0.15,0.05,0.74
20240724173450,-0.81,-0.43,0.94
20240724173451,-1.22,-0.92,2.11
20240724173452,-0.64,-0.14,2.10
20240724173453,-0.14,-0.09,1.00
20240724173454,-0.01,-0.03,1.02
20240724173455,-0.01,-0.03,1.01
20240724173456,-0.01,-0.03,1.02
